code,libelle,type,code_dren,lib_dren
059070,INSTITUT POLYTECHNIQUE GLORIS,PRIVE,40,ABIDJAN 3
190003,GROUPE SCOLAIRE FADIGA ABDOUL (GSFA) ABOBO,PRIVE,41,ABIDJAN 4
190007,GROUPE SCOLAIRE SAINT MATHIEU ABOBO,PRIVE,41,ABIDJAN 4
190013,COLLEGE YVAC ANYAMA,PRIVE,41,ABIDJAN 4
190014,COLLEGE ATLANTIQUE DE PORT-BOUET,PRIVE,31,ABIDJAN 2
190015,COLLEGE SAINTE NANCY MARCORY,PRIVE,31,ABIDJAN 2
190016,COLLEGE SAINTE CAMILLE COCODY,PRIVE,12,ABIDJAN 1
190017,INSTITUT SECONDAIRE GENERAL LA COLOMBE KOUMASSI,PRIVE,31,ABIDJAN 2
190018,COLLEGE BOCABO ET ASSOCIES ABOBO,PRIVE,41,ABIDJAN 4
190019,COLLEGE LES FALAISES ABOBO,PRIVE,41,ABIDJAN 4
190020,GROUPE SCOLAIRE LES BOTANIQUES DU MITTERAND,PRIVE,41,ABIDJAN 4
190022,GROUPE SCOLAIRE LA SOURCE KOUMASSI,PRIVE,31,ABIDJAN 2
190023,GROUPE SCOLAIRE SELODESIR ABOBO PK 18,PRIVE,41,ABIDJAN 4
190024,GROUPE SCOLAIRE JULES FERRY COCODY,PRIVE,12,ABIDJAN 1
190025,COLLEGE IRIS I ABOBO KENNEDY,PRIVE,41,ABIDJAN 4
190034,COLLEGE SAINT EMMANUEL YOPOUGON,PRIVE,40,ABIDJAN 3
190036,COLLEGE ANDRE GIDE YOPOUGON,PRIVE,40,ABIDJAN 3
190037,"GROUPE SCOLAIRE INTERNATIONAL DE L'AMITIE YOPOUGON
SABLE",PRIVE,40,ABIDJAN 3
190039,COLLEGE D. BAZ YOPOUGON,PRIVE,40,ABIDJAN 3
190041,GROUPE SCOLAIRE ANDRE LATRILLE (GSAL) YOPOUGON,PRIVE,40,ABIDJAN 3
190042,"INSTITUT TECHNIQUE DES SCIENCES APPLIQUEES ET DU
TERTIAIRE (ITSAT) YOPOUGON",PRIVE,40,ABIDJAN 3
190044,COLLEGE JEAN FRANCOIS LIONEL YOPOUGON,PRIVE,40,ABIDJAN 3
190045,COLLEGE MAMADOU TRAORE YOPOUGON,PRIVE,40,ABIDJAN 3
190046,GROUPE SCOLAIRE LE SAVANT 2 DE YOPOUGON BEAGO,PRIVE,40,ABIDJAN 3
190080,GROUPE SCOLAIRE LA VOLIERE MARCORY,PRIVE,31,ABIDJAN 2
190094,COLLEGE PIERRE ET MARIE CURIE PORT-BOUET,PRIVE,31,ABIDJAN 2
190098,COLLEGE LES ELYSEES ABOBO PK 18,PRIVE,41,ABIDJAN 4
190099,INSTITUT SCOLAIRE SECONDAIRE ESSEIGOU AKA (ISSEA) ABOBO,PRIVE,41,ABIDJAN 4
190100,COLLEGE MALE GBINDE ABOBO AKEIKOI,PRIVE,41,ABIDJAN 4
190101,COLLEGE KEMA COCODY ANGRE,PRIVE,12,ABIDJAN 1
190102,COLLEGE PRIVE ECLOSION 1 DE KOUMASSI MARCHE,PRIVE,31,ABIDJAN 2
190104,GROUPE SCOLAIRE BETHESDA PORT-BOUET,PRIVE,31,ABIDJAN 2
190106,COLLEGE CARINE ABOBO,PRIVE,41,ABIDJAN 4
190108,INSTITUT PRIVE DES ARTS ET METIERS (ISPAM) PORT-BOUET,PRIVE,31,ABIDJAN 2
190109,COURS SECONDAIRE METHODISTE KOUMASSI,PRIVE,31,ABIDJAN 2
190110,CTP BOH VALENTIN ABOBO,PRIVE,41,ABIDJAN 4
190112,COLLEGE JULES RONSARD 2 PORT-BOUET,PRIVE,31,ABIDJAN 2
190165,COLLEGE EMERY YOPOUGON TOITS ROUGES,PRIVE,40,ABIDJAN 3
190166,COLLEGE DES JEUNES FILLES SINGA YOPOUGON TOITS ROUGES,PRIVE,40,ABIDJAN 3
190167,GROUPE SCOLAIRE LA VICTOIRE / YOPOUGON,PRIVE,40,ABIDJAN 3
190170,COLLEGE PENITHOLONY YOPOUGON FACE PMI,PRIVE,40,ABIDJAN 3
190172,INSTITUT SCOLAIRE SAINT CYRILLE YOPOUGON,PRIVE,12,ABIDJAN 1
190173,COLLEGE WALI YOPOUGON GARE SABLE,PRIVE,40,ABIDJAN 3
190177,COURS SEC. GL LES CULTIVES YOPOUGON WASSAKARA,PRIVE,40,ABIDJAN 3
190178,ETS PRIVES GLORIS YOPOUGON NIANGON,PRIVE,40,ABIDJAN 3
190181,GROUPE SCOLAIRE SAINTE ADJOUA FADETTE YOPOUGON,PRIVE,40,ABIDJAN 3
190182,COLLEGE SAINT CHALMEL YOPOUGON,PRIVE,40,ABIDJAN 3
190190,GROUPE SCOLAIRE AVICENNE COCODY RIVIERA,PRIVE,12,ABIDJAN 1
190191,GROUPE SCOLAIRE AYEWA YOPOUGON,PRIVE,40,ABIDJAN 3
190195,COLLEGE TOURE KANVALY ANYAMA,PRIVE,41,ABIDJAN 4
190213,COLLEGE NOTRE DAME DES LAGUNES PORT-BOUET,PRIVE,31,ABIDJAN 2
190215,COLLEGE BAPTISTE MONT SINAI KOUMASSI,PRIVE,31,ABIDJAN 2
190216,GROUPE MISA COCODY,PRIVE,12,ABIDJAN 1
190219,GROUPE SCOLAIRE SAINT CYR 2 PORT-BOUET,PRIVE,31,ABIDJAN 2
190220,COLLEGE SOEUR MARIE YOPOUGON,PRIVE,40,ABIDJAN 3
190221,COLLEGE MAMIE ADJOUA YOPOUGON,PRIVE,12,ABIDJAN 1
190223,COLLEGE PIERRE LE GRAND YOPOUGON ANANERAIE,PRIVE,40,ABIDJAN 3
190225,GROUPE ASK DE YOPOUGON CHU,PRIVE,40,ABIDJAN 3
190226,COLLEGE NOVALIME YOPOUGON PORT-BOUET 2,PRIVE,40,ABIDJAN 3
190227,GROUPE SCOLAIRE SANOGO ALMAMY DE YOPOUGON ANDOKOI,PRIVE,40,ABIDJAN 3
190229,COLLEGE SONA YOPOUGON SAPEUR POMPIER,PRIVE,40,ABIDJAN 3
190230,COLLEGE LE PRESIDENT YOPOUGON,PRIVE,40,ABIDJAN 3
190231,INSTITUT SCOLAIRE VASSOUMA - ISV YOPOUGON,PRIVE,40,ABIDJAN 3
190232,COLLEGE SABA ET FILS YOPOUGON,PRIVE,40,ABIDJAN 3
190234,GROUPE SCOLAIRE BADIANA YOPOUGON,PRIVE,40,ABIDJAN 3
190235,COLLEGE SAINT YANN EMMANUEL YOPOUGON NIANGON BASE CIE,PRIVE,40,ABIDJAN 3
190236,GROUPE SCOLAIRE SAINT CYR ABOBO DOUME,PRIVE,40,ABIDJAN 3
190237,COLLEGE LES PHALENES 2 YOPOUGON BANCO RESIDENCE 2,PRIVE,40,ABIDJAN 3
190268,COLLEGE MODERNE LE ROSIER ABOBO,PRIVE,41,ABIDJAN 4
190271,COLLEGE PRIVE MOTHES YOPOUGON ANDOKOI,PRIVE,40,ABIDJAN 3
190276,COLLEGE SANTA ANNA COCODY 2 PLATEAUX,PRIVE,12,ABIDJAN 1
190280,"ACADEMIE DES PROFESSIONNELS DE L'EDUCATION ABOBO
AGNISSANKOI",PRIVE,41,ABIDJAN 4
190281,COLLEGE KOUASSI HAUDY MARCEL ANYAMA,PRIVE,41,ABIDJAN 4
190282,COLLEGE VICTOR LOBA DJOKOUEHI MARCORY,PRIVE,31,ABIDJAN 2
190283,INSTITUT PRIVE ALBERT EINSTEIN KOUMASSI,PRIVE,31,ABIDJAN 2
190284,G.S.P.E.R ABOBO BC EXTENSION,PRIVE,41,ABIDJAN 4
190285,GROUPE SCOLAIRE EMMANUEL PORT-BOUET,PRIVE,31,ABIDJAN 2
190286,GROUPE SCOLAIRE CERDACOM ABOBO SOGEFIHA,PRIVE,41,ABIDJAN 4
190287,GROUPE SCOLAIRE LES FALAISES ANYAMA AKOUPE ZEUDJI,PRIVE,41,ABIDJAN 4
190288,GROUPE SCOLAIRE DES ARTS ET DES METIERS (GSAM) KOUMASSI,PRIVE,31,ABIDJAN 2
190289,COLLEGE INTERNATIONAL FRED ET POPEE COCODY,PRIVE,12,ABIDJAN 1
190290,COLLEGE EL ITRATOU TAHIRA D'ABOBO,PRIVE,41,ABIDJAN 4
190291,COLLEGE HERMANN ABOBO AVOCATIER,PRIVE,41,ABIDJAN 4
190294,"COLLEGE LE NAVIRE (EX LA PIROGUE) DE COCODY RIVIERA
M'BADON",PRIVE,12,ABIDJAN 1
190295,GROUPE SCOLAIRE LA PAIX ANYAMA,PRIVE,41,ABIDJAN 4
190296,COLLEGE VICTOR LOBA DJOKOUEHI YOPOUGON ZONE CHU,PRIVE,40,ABIDJAN 3
190297,INSTITUT SAINT SILVER YOPOUGON ATTIE,PRIVE,40,ABIDJAN 3
190300,GROUPE SCOLAIRE FATYMA 2 YOPOUGON MAROC,PRIVE,40,ABIDJAN 3
190301,COLLEGE SAINT FRANÇOIS YOPOUGON,PRIVE,40,ABIDJAN 3
190326,GROUPE SCOLAIRE AL GHADIR COCODY M'POUTO,PRIVE,12,ABIDJAN 1
190327,COLLEGE LE SOUVERAIN YOPOUGON GARE,PRIVE,40,ABIDJAN 3
190332,GROUPE SCOLAIRE LE PELLETIER ABOBO PK18,PRIVE,41,ABIDJAN 4
190336,COLLEGE LES FIGUIERS COCODY,PRIVE,12,ABIDJAN 1
190339,COLLEGE PRIVE LE BOIGNY 1 DE PORT-BOUET,PRIVE,31,ABIDJAN 2
190340,COLLEGE SAINT AUGUSTIN YOPOUGON KOWEIT,PRIVE,40,ABIDJAN 3
190341,COLLEGE MERAJEA YOPOUGON,PRIVE,40,ABIDJAN 3
190342,GROUPE SCOLAIRE LONNY ROSE COCODY 7EME TRANCHE,PRIVE,12,ABIDJAN 1
190343,GROUPE SCOLAIRE MICHEL VAKO ABOBO N'DOTRE,PRIVE,41,ABIDJAN 4
190345,COLLEGE MITSPA YOPOUGON,PRIVE,40,ABIDJAN 3
190603,GROUPE SCOLAIRE DJEKAT IGNACE DE LOYOLA DE BINGERVILLE,PRIVE,12,ABIDJAN 1
190604,"GROUPE SCOLAIRE LOUIS NICOLLIN DE COCODY RIVIERA
PALMERAIE",PRIVE,12,ABIDJAN 1
190607,INSTITUT D'ENS. GEN. SCIENTIF. A.S. POUCHKINE ABOBO,PRIVE,41,ABIDJAN 4
190608,GROUPE SCOLAIRE LES ROITELETS PORT-BOUET GONZAGUEVILLE,PRIVE,31,ABIDJAN 2
190613,GROUPE SCOLAIRE KWAGNISS MAVRO YOPOUGON,PRIVE,40,ABIDJAN 3
190617,GROUPE SCOLAIRE LOUIS LAGRANGE YOPOUGON,PRIVE,40,ABIDJAN 3
190628,COLLEGE NOTRE DAME DE SECOURS ABOBO SAGBE,PRIVE,41,ABIDJAN 4
190629,COLLEGE SOCIAL SIMONE GBAGBO PORT- BOUET ADJOUFFOU,PRIVE,31,ABIDJAN 2
190632,GROUPE SCOLAIRE AKANJI (GSA) YOPOUGON,PRIVE,40,ABIDJAN 3
190634,COLLEGE ROSEE DIVINE ABOBO BAOULE BELLE-VILLE,PRIVE,41,ABIDJAN 4
190635,COLLEGE MONAJOCE YOPOUGON SIDECI,PRIVE,40,ABIDJAN 3
190638,COLLEGE LAPLACE ABOBO AKEIKOI,PRIVE,41,ABIDJAN 4
190640,COLLEGE LOUIS LAGRANGE YOPOUGON,,,
190641,COLLEGE PRIVE KPASSA PORT-BOUET,PRIVE,31,ABIDJAN 2
190643,"COLLEGE PRIVE DOUMBIA ADAMA ADAM'S DE ANYAMA-
RESIDENTIEL",PRIVE,41,ABIDJAN 4
190644,COLLEGE PRIVE MONIQUE ANYAMA CHATEAU D'EAU,PRIVE,41,ABIDJAN 4
192256,COLLEGE PRIVE GNAGNE AGNES MARCORY ALIODAN,PRIVE,31,ABIDJAN 2
197001,COLLEGE PRIVE PROFESSIONNEL DE BOULANGERIE PATISSERIE D'ABIDJAN,,,
197010,COLLEGE PRIVE GEORGES WASHINGTON DE COCODY,PRIVE,12,ABIDJAN 1
197012,COLLEGE PRIVE PROFESSIONNEL DE FORMATION EN SANTE PUBLIQUE WEND PANGA,,,
197018,COLLEGE PRIVE LA TOUR EIFFEL DE BINGERVILLE,PRIVE,12,ABIDJAN 1
197026,COLLEGE PRIVE PROFESSIONNEL CESA DU PLATEAU,,,
197029,COLLEGE PRIVE AHMADOU KOUROUMA,PRIVE,12,ABIDJAN 1
197031,COLLEGE PRIVE PROFESSIONNEL DES METIERS DE LA MODE ET DU MANNEQUINAT DE COCODY,,,
197318,COLLEGE PRIVE DIGNON D'ABOBO NDOTRE,PRIVE,41,ABIDJAN 4
197327,COLLEGE PRIVE TECHNIQUE LA PERRUCHE D'ANYAMA,PRIVE,41,ABIDJAN 4
197330,COLLEGE PRIVE SAMBA KHASSE D'ANYAMA,PRIVE,41,ABIDJAN 4
197336,COLLEGE PRIVE TECHNIQUE IETPA D'ABOBO,PRIVE,41,ABIDJAN 4
197339,COLLEGE PRIVE TECHNIQUE LES FALAISES D'ABOBO,PRIVE,41,ABIDJAN 4
197351,COLLEGE PRIVE TECHNIQUE SEGBE DE YOPOUGON,PRIVE,40,ABIDJAN 3
197353,COLLEGE PRIVE NOTRE DAME DES LAGUNES DE YOPOUGON,PRIVE,40,ABIDJAN 3
197357,COLLEGE PRIVE DIVINE FONTAINE DE YOPOUGON,PRIVE,40,ABIDJAN 3
197361,COLLEGE PRIVE ACADEMIA DE SONGON KASSEMBLE,PRIVE,40,ABIDJAN 3
197362,COLLEGE PRIVE BENOIT DE YOPOUGON,PRIVE,40,ABIDJAN 3
197370,COLLEGE PRIVE LES OSCARS DE PORT-BOUET,PRIVE,31,ABIDJAN 2
197471,COLLEGE PRIVE JEAN MARIE VIANNEY D'ANYAMA,PRIVE,41,ABIDJAN 4
197476,COLLEGE PRIVE LE BONHEUR DE YOPOUGON,PRIVE,40,ABIDJAN 3
198004,COLLEGE PRIVE KING'S LES JUNIORS DE YOPOUGON,PRIVE,40,ABIDJAN 3
198228,COLLEGE PRIVE INSTITUT PASTEUR DE YOPOUGON,,,
198289,COLLEGE PRIVE LADJIBI DE COCODY,PRIVE,12,ABIDJAN 1
198309,COLLEGE PRIVE LE BACHELIER DE PORT-BOUET,PRIVE,31,ABIDJAN 2
198395,COLLEGE PRIVE ADAM MARSHALL DE YOPOUGON,,,
198399,COLLEGE PRIVE LA DESTINEE DE YOPOUGON,PRIVE,40,ABIDJAN 3
198505,COLLEGE PRIVE OSCAD D'ATECOUBE,PRIVE,40,ABIDJAN 3
198554,COLLEGE PRIVE TECHNIQUE ETIC D'ABOBO,PRIVE,41,ABIDJAN 4
198630,COLLEGE PRIVE RUBEN-KSI DE SONGON,PRIVE,40,ABIDJAN 3
199403,LYCÉE PROFESSIONNEL SECTORIEL (LPS) DE YOPOUGON,,,
310555,COLLEGE PRIVE TECHNIQUE ACADEMIA DE YOPOUGON,PRIVE,40,ABIDJAN 3
310715,COLLEGE PRIVE TECHNIQUE HARMATTAN D'ANYAMA,PRIVE,41,ABIDJAN 4
310797,COLLEGE PRIVE AVERROES D'ABOBO,PRIVE,41,ABIDJAN 4
310875,COLLEGE PRIVE LE ROI DES ROIS 2 DE COCODY DJOROGOBITE,PRIVE,12,ABIDJAN 1
875002,BGL TECHNOLOGY YOPOUGON,,,
875006,"INSTITUT SUPERIEUR D’INFORMATIQUE ET D’ELECTRONIQUE -ISIE
(EX INST. IVOIRIEN D'ELECTRONIQUE) ADJAME",PRIVE,12,ABIDJAN 1
875007,COMPLEXE SCOLAIRE TECHNIQUE ET GENERAL (CSTG) ADJAME,PRIVE,12,ABIDJAN 1
875008,INSTITUT SUPERIEUR D’ENSEIGNEMENT TECHNIQUE (ISEPT) COCODY 2 PLATEAUX,,,
875010,AFRIQUE FORMATION MARCORY,PRIVE,31,ABIDJAN 2
875013,"INSTITUT SUPERIEUR DE TECHNOLOGIES APPLIQUEES ET
COMMERCIALES (INSTAC) YOPOUGON",PRIVE,40,ABIDJAN 3
875015,"ACADEMIE DES SCIENCES APPLIQUEES (A.S.A-FORMATION)
YOPOUGON",PRIVE,40,ABIDJAN 3
875016,EURO-FORMATION MARCORY,,,
875017,"ECOLE SUPERIEURE TECHNIQUE ET COMMERCIALE (ESTC)
MARCORY",PRIVE,31,ABIDJAN 2
875022,"CENTRE D’ENSEIGNEMENT TECHNIQUE ET PROFESSIONNEL
D’ABIDJAN (CETPA) COCODY 2 PLATEAUX",PRIVE,12,ABIDJAN 1
875023,INTELLECT AFRIQUE MARCORY IBIS,PRIVE,31,ABIDJAN 2
875024,"CENTRE D’ENSEIGNEMENT SUPERIEUR TECHNIQUE ET
PROFESSIONNEL (CESTP) KIBIO COCODY 2 PLATEAUX",PRIVE,12,ABIDJAN 1
875025,"INSTITUT DE COMMERCE ET DE FINANCES (ISCF) ABOBO PLATEAU
DOKUI",PRIVE,41,ABIDJAN 4
875036,"COURS DE SECRETARIAT NOTRE DAME DU PLATEAU (CSNDP)
PLATEAU",PRIVE,12,ABIDJAN 1
875037,ECOLE PRATIQUE DE LA CHAMBRE DE COMMERCE ET D’INDUSTRIE DE COTE D’IVOIRE (EPCCI-CI) PLATEAU,,,
875050,"INSTITUT DE FORMATION ET DE PERFECTIONNEMENT EN TRANSIT
(IFPT) ABOBO",PRIVE,41,ABIDJAN 4
875054,COLLEGE HENRI POINCARE COCODY 2 PLATEAUX,PRIVE,12,ABIDJAN 1
875057,"INSTITUT TECHNIQUE DE FORMATION SAINTE MARIE (IFSM)
COCODY",PRIVE,12,ABIDJAN 1
875059,UNIX ACADEMIE YOPOUGON,PRIVE,40,ABIDJAN 3
875060,"INSTITUT SUPERIEUR DE GESTION ET D’ECONOMIE APPLIQUEE
(ISGEA) PLATEAU",PRIVE,12,ABIDJAN 1
875063,ECOFORP-A-INTERNATIONAL,,,
875064,INSTITUT ADAM MARSHALL (IAM) PLATEAU,,,
875070,INSTITUT SECONDAIRE TECHNIQUE ASSAMELA (ISTA) ABOBO,PRIVE,41,ABIDJAN 4
875071,ECOLE SUPERIEURE DE FORMATION PARAMEDICAL (SUP’EFOP) ANYAMA,,,
875078,"CENTRE D’ENSEIGNEMENT PROFESSIONNEL TECNHNIQUE ET
INDUSTRIEL (CEPTI) COCODY 2 PLATEAUX",PRIVE,12,ABIDJAN 1
875079,COLLEGE INTERNATIONAL D’ENSEIGNEMENT GENERAL ET TECHNIQUE AMADOU HAMPATE BA COCODY,,,
875081,"ECOLE SECONDAIRE KARAMOKO TECHNIQUE (ESTK) COCODY
ANGRE",PRIVE,12,ABIDJAN 1
875090,COURS SECONDAIRE TECHNIQUE SEVIC KOUMASSI,PRIVE,31,ABIDJAN 2
875092,ECOLE DE SPECIALITES MULTIMEDIA D’ABIDJAN (ESMA) MARCORY,,,
875094,"ECOLE SUPERIEURE D’INFORMATIQUE ET DE COMMERCE (ESICOM)
PLATEAU",PRIVE,12,ABIDJAN 1
875095,HAUTES ETUDES COMMERCIALES, LA ROCHE (HEC) PLATEAU,,,
875097,ACADEMIE POLYVALENTE DES METIERS (APDM) PLATEAU,,,
875099,ECOLE DE L’ECONOMIE ET DES FINANCES (ECF) YOPOUGON,,,
875100,"ECOLE DES SCIENCES TECHNIQUES EN INFORMATIQUE ET
GESTION (ESIG) PLATEAU",PRIVE,12,ABIDJAN 1
875115,"INSTITUT SUPERIEUR DES CARRIERES COMMERCIALES (ISCC)
TREICHVILLE",PRIVE,31,ABIDJAN 2
875117,"CENTRE D’INITIATION DE PERFECTIONNEMENT EN INFORMATIQUE
ET AUX METIERS (CIPIM) YOPOUGON",PRIVE,40,ABIDJAN 3
875118,"CENTRE DE FORMATION TECHNIQUE ET PROFESSIONNELLE LE
GROUPE BOWL YOPOUGON",PRIVE,12,ABIDJAN 1
875120,"ECOLE SUPERIEURE D’ENSEIGNEMENT TECHNIQUE ET
PROFESSIONNEL (ESETP) YOPOUGON",PRIVE,40,ABIDJAN 3
875121,ETABLISSEMENT D’ENSEIGNEMENT SECONDAIRE TECHNIQUE DE YOPOUGON (EESTY) YOPOUGON,,,
875122,GROUPE DE FORMATION AUX METIERS ET AUX EMPLOIS (GFME) YOPOUGON,,,
875125,INSTITUT DE FORMATION PROFESSIONNELLE ENIC YOPOUGON,PRIVE,40,ABIDJAN 3
875126,INSTITUT DE FORMATION TECHNIQUE ET GENERALE (IFTG) YOPOUGON,,,
875127,"INSTITUT DE MANAGEMENT, DE GESTION ET DE L’HOTELLERIE
(IMGH) (EXÂ - IACH) YOPOUGON",PRIVE,40,ABIDJAN 3
875129,"INSTITUT GENERAL D’ENSEIGNEMENT SECONDAIRE ET TECHNIQUE
(IGEST) YOPOUGON",PRIVE,40,ABIDJAN 3
875130,INSTITUT MARCATH YOPOUGON,,,
875131,INSTITUT SUPERIEUR AIME CESAIRE YOPOUGON,PRIVE,40,ABIDJAN 3
875132,"INSTITUT D’ENSEIGNEMENT SECONDAIRE TECHNIQUE SAINTE
BRIGITTE 2 ABOBO",PRIVE,41,ABIDJAN 4
875133,"INSTITUT MODERNE D’ENSEIGNEMENT TECHNIQUE ET
PROFESSIONNEL (IMETP) YOPOUGON",PRIVE,40,ABIDJAN 3
875136,ONYX-EXCELLENCE YOPOUGON,PRIVE,40,ABIDJAN 3
875137,"INSTITUT TECHNIQUE SECONDAIRE PROFESSIONNEL (ITSP)
ADJAME",PRIVE,12,ABIDJAN 1
875139,"GROUPE IFDEC-INTERNATIONAL (INSTITUT DE FORMATION POUR
LE DEVELOPPEMENT DES COMPETENCES) PLATEAU",PRIVE,12,ABIDJAN 1
875141,EVENT ACADEMY COCODY ANGRE,PRIVE,12,ABIDJAN 1
875142,"ECOLE TECHNIQUE INFORMATIQUE ET COMMERCIALE (ETIC)
MARCORY",PRIVE,12,ABIDJAN 1
875143,"ECOLE TECHNIQUE INFORMATIQUE ET COMMERCIALE (ETIC)
COCODY 2 PLATEAUX",PRIVE,12,ABIDJAN 1
875146,INSTITUT SUPERIEUR INTER-AFRAIN PROFESSIONNEL -ISIAP MAGNANA COCODY 2 PLATEAUX,,,
875148,INSTITUT NATIONAL DES METIERS (INM) BINGERVILLE,PRIVE,12,ABIDJAN 1
875151,ECOLE SUPERIEURE INTERNATIONALE DES CADRES EN MANAGEMENT ESICAM COCODY,,,
875153,LE SAMARITAIN COCODY RIVIERA,PRIVE,12,ABIDJAN 1
875156,COMPLEXE EDUCATIF MARIE AUZET COCODY 2 PLATEAUX,PRIVE,12,ABIDJAN 1
875157,"INSTITUT DE FORMATION PROFESSIONNELLE ESTHER (IFOPE)
YOPOUGON",PRIVE,40,ABIDJAN 3
875163,INSTITUT DES TECHNOLOGIES D'ABIDJAN (ITA) MARCORY,PRIVE,31,ABIDJAN 2
999999,DECO / CANDIDAT LIBRE,CL-DREN,31,ABIDJAN 2
000206,COLLEGE CIPIM YOPOUGON WASSAKARA,PRIVE,40,ABIDJAN 3
000207,"COLLEGE D’ENSEIGNEMENT SECONDAIRE GENERAL ET TECHNIQUE
(CESGT) KOUMASSI",PRIVE,31,ABIDJAN 2
000208,COLLEGE VOLTAIRE TREICHVILLE,PRIVE,31,ABIDJAN 2
000210,COLLEGE ADAMA SANOGO ABOBO,PRIVE,41,ABIDJAN 4
000212,COLLEGE AIME CESAIRE YOPOUGON,PRIVE,40,ABIDJAN 3
000215,GROUPE ECOLE ALFRED NOBEL MARCORY,PRIVE,31,ABIDJAN 2
000216,COLLEGE ANADOR ABOBO,PRIVE,41,ABIDJAN 4
000218,COLLEGE ANDRE MALRAUX COCODY RIVIERA,PRIVE,12,ABIDJAN 1
000220,COLLEGE BERETHE MARCORY,PRIVE,31,ABIDJAN 2
000224,COLLEGE CARNOT NIANGON-YOPOUGON,PRIVE,40,ABIDJAN 3
000231,COLLEGE DESCARTES MARCORY,PRIVE,31,ABIDJAN 2
000232,COLLEGE DIDEROT ABOBO,PRIVE,41,ABIDJAN 4
000233,COLLEGE DJESSOU D'ABOBO,PRIVE,41,ABIDJAN 4
000234,COLLEGE GAOUSSOU TOURE ANYAMA,PRIVE,41,ABIDJAN 4
000235,COLLEGE I.T.E.S ABOBO,PRIVE,41,ABIDJAN 4
000239,COLLEGE JEAN PAUL SARTRE WILLIAMSVILLE,PRIVE,12,ABIDJAN 1
000240,COLLEGE JULES VALLES KOUMASSI,PRIVE,31,ABIDJAN 2
000242,COLLEGE LA COLOMBE KOUMASSI,PRIVE,31,ABIDJAN 2
000244,COLLEGE MODERNE LA SORBONNE YOPOUGON,PRIVE,40,ABIDJAN 3
000246,GROUPE SCOLAIRE LE BON SAMARITAIN KOUMASSI,PRIVE,31,ABIDJAN 2
000247,COLLEGE LE DESTIN ABOBO,PRIVE,41,ABIDJAN 4
000248,LYCEE MODERNE TECHNIQUE LE MAHOU ABOBO PLATEAU DOKUI,PRIVE,41,ABIDJAN 4
000249,COLLEGE LE PANTHEON WILLIAMSVILLE,PRIVE,12,ABIDJAN 1
000250,COLLEGE LE PETIT CHAMPION ABOBO,PRIVE,41,ABIDJAN 4
000251,COLLEGE LE PHENIX COCODY,PRIVE,12,ABIDJAN 1
000252,GROUPE SCOLAIRE LEGRAND ABOBO,PRIVE,41,ABIDJAN 4
000254,GROUPE SCOLAIRE FUSOS COURS SOCIAUX ABOBO,PRIVE,41,ABIDJAN 4
000255,COLLEGE LES GRACES ABOBO,PRIVE,41,ABIDJAN 4
000256,COLLEGE LES ORCHIDEES ABOBO,PRIVE,41,ABIDJAN 4
000257,COLLEGE LES PHALENES 1 YOPOUGON,PRIVE,40,ABIDJAN 3
000259,COLLEGE MARIE BLANCHE ABOBO,PRIVE,41,ABIDJAN 4
000262,"LYCEE MODERNE DJEDJI AMONDJI PIERRE ADJAME 220
LOGEMENTS",PUBLIC,12,ABIDJAN 1
000263,LYCEE MODERNE ADJAME HARRIS,PUBLIC,12,ABIDJAN 1
000264,LYCEE MODERNE ANYAMA,PUBLIC,41,ABIDJAN 4
000267,LYCEE MODERNE COCODY,PUBLIC,12,ABIDJAN 1
000269,LYCEE MODERNE 1 NANGUI ABROGOUA ADJAME,PUBLIC,12,ABIDJAN 1
000271,LYCEE MODERNE PORT-BOUET,PUBLIC,31,ABIDJAN 2
000273,LYCEE MODERNE YOPOUGON-ANDOKOI,PUBLIC,40,ABIDJAN 3
000274,COLLEGE MONTAIGNE MARCORY,PRIVE,31,ABIDJAN 2
000275,COLLEGE MONTHERLANT ADJAME,PRIVE,12,ABIDJAN 1
000278,COLLEGE NOTRE DAME D'AFRIQUE BIETRY,PRIVE,31,ABIDJAN 2
000279,COLLEGE NOTRE DAME DE LA PAIX ABADJIN-KOUTE,PRIVE,40,ABIDJAN 3
000280,COLLEGE NOTRE DAME PLATEAU,PRIVE,12,ABIDJAN 1
000281,GROUPE SCOLAIRE OFFOUMOU YAPO YOPOUGON,PRIVE,40,ABIDJAN 3
000282,COLLEGE PRIVE BA'OULEHN 2 ADJAME 220 LOGEMENTS,PRIVE,12,ABIDJAN 1
000283,COLLEGE PASCAL KOUMASSI,PRIVE,31,ABIDJAN 2
000287,COLLEGE RENE CAILLE ABOBO,PRIVE,41,ABIDJAN 4
000289,COLLEGE RODIN YOPOUGON,PRIVE,40,ABIDJAN 3
000290,COLLEGE SAINT BERNARD ADJAME,PRIVE,12,ABIDJAN 1
000291,COLLEGE SAINT CYRILLE BINGERVILLE,PRIVE,12,ABIDJAN 1
000292,COLLEGE SAINT ELYSEE MARCORY,PRIVE,31,ABIDJAN 2
000293,COLLEGE SAINT ETIENNE ABOBO,PRIVE,41,ABIDJAN 4
000294,COLLEGE SAINT EXUPERY PORT-BOUET,PRIVE,31,ABIDJAN 2
000295,COLLEGE SAINT FRANCOIS 2 YOPOUGON CAMP MILITAIRE,PRIVE,40,ABIDJAN 3
000296,COLLEGE SAINT JEAN BOSCO TREICHVILLE,PRIVE,31,ABIDJAN 2
000297,COLLEGE SAINT JOSEPH ABOBO,PRIVE,41,ABIDJAN 4
000298,GROUPE SCOLAIRE SAINT LOUIS YOPOUGON,PRIVE,40,ABIDJAN 3
000299,COLLEGE SAINT MAURICE D'ALICOT KOUMASSI,PRIVE,31,ABIDJAN 2
000300,COLLEGE PRIVE SAINT MICHEL / ANYAMA,PRIVE,41,ABIDJAN 4
000301,"INSTITUT SUPERIEUR SECONDAIRE TECHNIQUE ET GENERAL (ISTG)
PIERRE MARIE YOPOUGON",PRIVE,40,ABIDJAN 3
000303,COLLEGE SAINTE ALBERTINE (CSA) KOUMASSI,PRIVE,31,ABIDJAN 2
000304,COLLEGE SAINTE CLAIRE DES BOIS ANYAMA,PRIVE,41,ABIDJAN 4
000305,GROUPE SCOLAIRE SAINTE FOI ABOBO,PRIVE,41,ABIDJAN 4
000306,COLLEGE SAINTE RUTH ABOBO,PRIVE,41,ABIDJAN 4
000307,COURS SECONDAIRE SAINTE THERESE KOUMASSI,PRIVE,31,ABIDJAN 2
000308,COLLEGE KONE MAMADOU ATTECOUBE,PRIVE,40,ABIDJAN 3
000309,COLLEGE SEGBE YOPOUGON,PRIVE,40,ABIDJAN 3
000310,COLLEGE SEPI YOPOUGON,PRIVE,40,ABIDJAN 3
000312,GROUPE SCOLAIRE THANON NAMANKO COCODY 2 PLATEAUX,PRIVE,12,ABIDJAN 1
000315,COLLEGE PRIVE VICTOR SCHOELCHER ADJAME,PRIVE,12,ABIDJAN 1
000316,COLLEGE VICTOR SCHOELCHER RIVIERA,PRIVE,12,ABIDJAN 1
000317,COLLEGE VICTOR SCHOELCHER YOPOUGON,PRIVE,40,ABIDJAN 3
000318,COLLEGE VOLTAIRE MARCORY,PRIVE,31,ABIDJAN 2
000319,ECOLE WILLIAM PONTY YOPOUGON,PRIVE,40,ABIDJAN 3
000321,COURS LOBA ADJAME,PRIVE,12,ABIDJAN 1
000324,COURS SECONDAIRE CATHOLIQUE YOPOUGON KOUTE,PRIVE,40,ABIDJAN 3
000325,COURS SECONDAIRE METHODISTE COCODY,PRIVE,12,ABIDJAN 1
000328,COURS SECONDAIRE METHODISTE PLATEAU,PRIVE,12,ABIDJAN 1
000331,EURELEC ZONE 4,,,
000332,COLLEGE FRELEC SCOLAIRE YOPOUGON,PRIVE,40,ABIDJAN 3
000334,"INSTITUT SECONDAIRE TECHNIQUE LES ANGES -ISTA (EX GS LES
ANGES) YOPOUGON",PRIVE,40,ABIDJAN 3
000335,GROUPE SCOLAIRE NEWTON / YOPOUGON,PRIVE,40,ABIDJAN 3
000336,GROUPE SCOLAIRE ENTENTE KOUMASSI,PRIVE,31,ABIDJAN 2
000338,GROUPE SCOLAIRE LES PINGOUINS ABOBO SOGEFIHA,PRIVE,41,ABIDJAN 4
000339,GROUPE SCOLAIRE NANTI ABOBO ANANERAIE ABOBO,PRIVE,41,ABIDJAN 4
000341,GROUPE SCOLAIRE L'ARDOISE RIVIERA-III,PRIVE,12,ABIDJAN 1
000342,GROUPE SCOLAIRE LA FARANDOLE 2 PLATEAUX,PRIVE,12,ABIDJAN 1
000344,COMPLEXE SCOLAIRE I.G.E.S. YOPOUGON,PRIVE,40,ABIDJAN 3
000346,COLLEGE IPES YOPOUGON,PRIVE,40,ABIDJAN 3
000348,INSTITUT FROEBEL MARCORY,PRIVE,31,ABIDJAN 2
000350,INSTITUT LIBANAIS D'ENSEIGNEMENT TREICHVILLE,PRIVE,31,ABIDJAN 2
000353,INSTITUT SACRE COEUR D'ADJAME (ISCA),PRIVE,12,ABIDJAN 1
000354,INSTITUT SOMA SAMAKE ADJAME,PRIVE,12,ABIDJAN 1
000356,COLLEGE SAFOP ZONE 4C MARCORY,PRIVE,31,ABIDJAN 2
000363,ECOLE SUPERIEURE DE COMMERCE (ESC) CASTAING PLATEAU,,,
000367,"INSTITUT TECHNIQUE DE L’ENSEIGNEMENT SUPERIEUR (ITES)
COCODY 2 PLATEAUX",PRIVE,12,ABIDJAN 1
000375,"CENTRE D’ENSEIGNEMENT TECHNIQUE FEMININ (CETF) NOTRE
DAME DE LA PAIX TREICHVILLE",PRIVE,31,ABIDJAN 2
000383,CFPC LOKO MARCORY,PRIVE,31,ABIDJAN 2
000393,C.N.P.T.E. ABIDJAN,PUBLIC,12,ABIDJAN 1
000395,LYCEE CLASSIQUE ABIDJAN,PUBLIC,12,ABIDJAN 1
000396,LYCEE GARCONS BINGERVILLE,PUBLIC,12,ABIDJAN 1
000397,LYCEE MAMIE FAITAI BINGERVILLE,PUBLIC,12,ABIDJAN 1
000399,LYCEE MODERNE 1 ABOBO,PUBLIC,41,ABIDJAN 4
000402,LYCEE MODERNE KOUMASSI,PUBLIC,31,ABIDJAN 2
000404,LYCEE MODERNE TREICHVILLE,PUBLIC,31,ABIDJAN 2
000405,LYCEE SAINTE MARIE ABIDJAN,PUBLIC,12,ABIDJAN 1
000407,LYCEE MUNICIPAL 1 GADIE PIERRE YOPOUGON,PUBLIC,40,ABIDJAN 3
000408,LYCEE MUNICIPAL 1 ATTECOUBE,PUBLIC,40,ABIDJAN 3
000410,LYCEE MUNICIPAL 1 KOUMASSI,PUBLIC,31,ABIDJAN 2
000411,LYCEE MODERNE AMAGOU VICTOR DE MARCORY,PUBLIC,31,ABIDJAN 2
000412,E.M.P.T BINGERVILLE,PUBLIC,12,ABIDJAN 1
000414,LYCEE TECHNIQUE COCODY,PUBLIC,12,ABIDJAN 1
000415,LYCEE TECHNIQUE DE YOPOUGON,PUBLIC,40,ABIDJAN 3
000417,LYCEE PROFESSIONNEL HOTELIER ABIDJAN,,,
001939,ECOLE LIBANAISE EN COTE D'IVOIRE MARCORY,PRIVE,31,ABIDJAN 2
007666,COLLEGE IRIS-II ABOBO AVOCATIER,PRIVE,41,ABIDJAN 4
008805,COLLEGE D'ENSEIGNEMENT SECONDAIRE KOUMASSI,PRIVE,31,ABIDJAN 2
008807,COLLEGE KADJE YOPOUGON,PRIVE,40,ABIDJAN 3
008810,LYCEE MODERNE DE JEUNES FILLES DE YOPOUGON,PUBLIC,40,ABIDJAN 3
008816,"INSTITUT SECONDAIRE TECHNIQUE ADAMA SANOGO (ISTAS)
ABOBO PLATEAU DOKUI",PRIVE,41,ABIDJAN 4
008977,INSTITUT SCOLAIRE LAVOISIER COCODY ANGRE,PRIVE,12,ABIDJAN 1
009512,LYCÉE SAGUIDIBA YOPOUGON,PRIVE,40,ABIDJAN 3
009917,COLLEGE ANADOR YOPOUGON,PRIVE,40,ABIDJAN 3
009919,PENSIONNAT PROTESTANT FILLES ANYAMA,PRIVE,41,ABIDJAN 4
009958,GROUPE SCOLAIRE KONE IDRISSA YOPOUGON,PRIVE,40,ABIDJAN 3
009962,LYCEE MUNICIPAL D'ABOBO,PUBLIC,41,ABIDJAN 4
009964,LYCEE MUNICIPAL D'ADJAME-WILLIAMVILLE,PUBLIC,12,ABIDJAN 1
009966,COLLEGE JEANNE DE CAVALLY YOPOUGON ANDOKOI,PRIVE,40,ABIDJAN 3
009967,GROUPE SCOLAIRE LES ELITES ABOBO,PRIVE,41,ABIDJAN 4
009968,LYCEE SAINT GILBERT DE DJAGO ABOBO,PRIVE,41,ABIDJAN 4
009970,COLLEGE SAINT EDER ABOBOTE KENEDY,PRIVE,41,ABIDJAN 4
010092,GROUPE SCOLAIRE COMMANDANT COUSTEAU COCODY,PRIVE,12,ABIDJAN 1
010149,COLLEGE SAINT BRICE-PROVINCIAL GRACES ABOBO,PRIVE,41,ABIDJAN 4
010423,COLLEGE LES PIGEONS YOPOUGON,PRIVE,40,ABIDJAN 3
010425,COLLEGE VICTOR LOBA DJOKOUEHI ABOBO,PRIVE,41,ABIDJAN 4
010427,GROUPE SCOLAIRE MELLIN SERAPHINE YOPOUGON,PRIVE,40,ABIDJAN 3
010432,INSTITUT LKM YOPOUGON,PRIVE,40,ABIDJAN 3
010433,YADA CLEMENT YOPOUGON,PRIVE,40,ABIDJAN 3
010434,COURS SECONDAIRE METHODISTE YOPOUGON KOUTE,PRIVE,40,ABIDJAN 3
010579,INSTITUT LEOPOLD SEDAR SENGHOR YOPOUGON,,,
010590,COLLEGE GUCHANROLAIN YOPOUGON,PRIVE,40,ABIDJAN 3
010643,COLLEGE LE GRAND II ADJAME,PRIVE,12,ABIDJAN 1
010645,COLLEGE NEOPHYTE VRIDI,PRIVE,31,ABIDJAN 2
010646,COLLEGE ESTHER KOUMASSI,PRIVE,31,ABIDJAN 2
010648,COLLEGE VICTOR LOBA DJOKOUEHI COCODY ANGRE,PRIVE,12,ABIDJAN 1
010649,GROUPE SCOLAIRE LA VICTOIRE 2 YOPOUGON BANCO 2,PRIVE,40,ABIDJAN 3
010650,COLLEGE JEAN-BAPTISTE DE LA SALLE YOPOUGON WASSAKARA,PRIVE,40,ABIDJAN 3
010651,INSTITUT TRAORE ADAMA KOUMASSI,PRIVE,31,ABIDJAN 2
010653,COLLEGE SINGA YOPOUGON CAMP MILITAIRE,PRIVE,40,ABIDJAN 3
010655,COLLEGE MODERNE ET TECHNIQUE NOGOLAMA ANYAMA,PRIVE,41,ABIDJAN 4
010656,COLLEGE DORIAN YOPOUGON,PRIVE,40,ABIDJAN 3
010716,INSTITUT SUPERIEUR TECHNIQUE (IST) LA COLOMBE KOUMASSI,PRIVE,31,ABIDJAN 2
010734,GROUPE SCOLAIRE LES PETITS SOLEILS / YOPOUGON,PRIVE,40,ABIDJAN 3
010907,COLLEGE LE CONQUERANT BINGERVILLE,PRIVE,12,ABIDJAN 1
010972,GROUPE SCOLAIRE AMICHIA YOPOUGON,PRIVE,40,ABIDJAN 3
010978,GROUPE SCOLAIRE ADJA MADOUE TOURE ANYAMA,PRIVE,41,ABIDJAN 4
010980,COLLEGE ATLAS D'ANYAMA GARE,PRIVE,41,ABIDJAN 4
010990,COLLEGE FRANTZ FANON KOUMASSI,,,
010991,"ECOLE D’ENSEIG. SECONDAIRE GENERAL TECHN. ET PROF.
(EESGTP) LA SORBONNE YOPOUGON",PRIVE,40,ABIDJAN 3
010993,COLLEGE SAINT VIATEUR COCODY,PRIVE,12,ABIDJAN 1
011048,COLLEGE HAROUN TAZIEFF ABOBO,PRIVE,41,ABIDJAN 4
011062,COLLEGE AUTOROUTE DU NORD YOPOUGON,PRIVE,40,ABIDJAN 3
011080,GROUPE SCOLAIRE SAINTE RUTH YOPOUGON,PRIVE,40,ABIDJAN 3
011106,COLLEGE LE ROI DES ROIS KOUMASSI,PRIVE,31,ABIDJAN 2
011121,COLLEGE PRIVE LA PROMOTION D'ABOBO,PRIVE,41,ABIDJAN 4
011153,GROUPE SCOLAIRE LAMA FOFANA YOPOUGON,PRIVE,40,ABIDJAN 3
011155,ADOI CENTRALE ELECTRONIQUE (ACE) YOPOUGON,PRIVE,12,ABIDJAN 1
011177,COURS SECONDAIRE METHODISTE YOPOUGON NIANGON,PRIVE,40,ABIDJAN 3
011401,COLLEGE COULIBALY SANDENI ABOBO ANOKOI-EXTENSION,PRIVE,41,ABIDJAN 4
011402,COLLEGE BELLE ETOILE,PRIVE,41,ABIDJAN 4
011407,COLLEGE VINCENT LE LEADER YOPOUGON,PRIVE,40,ABIDJAN 3
011411,"ECOLE DES TECHNIQUES ET SPECIALITES (ETS) - EDUFOR
YOPOUGON",PRIVE,12,ABIDJAN 1
011426,INSTITUT SAINT ANTOINE (ISA) ABOBO,PRIVE,41,ABIDJAN 4
012112,COLLEGE LE PETIT COLLEGE KOUMASSI,PRIVE,31,ABIDJAN 2
012113,COLLEGE PRIVE ABRAHAM PORT BOUET,PRIVE,31,ABIDJAN 2
012114,GROUPE SCOLAIRE LES 3 A YOPOUGON,PRIVE,40,ABIDJAN 3
012115,COLLEGE LE ROI DAVID YOPOUGON,PRIVE,40,ABIDJAN 3
012116,COLLEGE SEBACO YOPOUGON,PRIVE,40,ABIDJAN 3
012117,COLLEGE CIEL PLURIEL YOPOUGON,PRIVE,40,ABIDJAN 3
012118,COLLEGE PRIVE L'ECLOSION 2 YOPOUGON ANANERAIE,PRIVE,40,ABIDJAN 3
012138,INSTITUT SAINTE COLETTE KOUMASSI,PRIVE,31,ABIDJAN 2
012141,GROUPE SCOLAIRE LAROUSSE ABOBO PLATEAU DOKUI,PRIVE,41,ABIDJAN 4
012200,GROUPE SCOLAIRE ABRAHAM AYEBY ABOBO,PRIVE,41,ABIDJAN 4
012204,COLLEGE EULALIE BLAH ABOBO CLOUETCHA,PRIVE,41,ABIDJAN 4
012205,COLLEGE FATOUMABA YOPOUGON,PRIVE,40,ABIDJAN 3
012206,GROUPE SCOLAIRE SAINTE ELISABETH ABOBO,PRIVE,41,ABIDJAN 4
012208,COLLEGE LES NOUVEAUX HORIZONS ABOBO KENEDY,PRIVE,41,ABIDJAN 4
012222,GROUPE SCOLAIRE SAINT CYR PORT-BOUET GONZAGUEVILLE,PRIVE,31,ABIDJAN 2
012242,INSTITUT SCOLAIRE PRIVE MARDOCHEE (I.S.P.M) ADJAME,PRIVE,12,ABIDJAN 1
012256,COLLEGE TCHIOULY YOPOUGON ABOBO-DOUME JESRUSALEM,PRIVE,40,ABIDJAN 3
012263,LYCEE MUNICIPAL PORT-BOUET,PUBLIC,31,ABIDJAN 2
012316,LYCEE MUNICIPAL EHIVET GBAGBO YOPOUGON-NIANGON,PUBLIC,40,ABIDJAN 3
012477,LYCEE MODERNE SONGON,PUBLIC,40,ABIDJAN 3
013038,COLLEGE ADVENTISTE ABIDJAN,PRIVE,31,ABIDJAN 2
013039,GROUPE SCOLAIRE GBADJE ABOBO,PRIVE,41,ABIDJAN 4
013040,GROUPE SCOLAIRE JEAN BAPTISTE ABOUNAN,PRIVE,41,ABIDJAN 4
013042,GROUPE SCOLAIRE LE PARTHENON ABOBO,PRIVE,41,ABIDJAN 4
013045,COLLEGE VENEZUA COCODY,PRIVE,12,ABIDJAN 1
013049,GROUPE SCOLAIRE LES SAINTS ANGES YOPOUGON,PRIVE,40,ABIDJAN 3
013051,COLLEGE MITTERAND YOPOUGON,PRIVE,40,ABIDJAN 3
013053,COLLEGE LA BAGOUE YOPOUGON,PRIVE,40,ABIDJAN 3
013054,GROUPE SCOLAIRE LE SAVANT 1 YOPOUGON,PRIVE,40,ABIDJAN 3
013057,COLLEGE SAINT BRICE YOPOUGON,PRIVE,40,ABIDJAN 3
013058,GROUPE SCOLAIRE IVOIRE BLEY BONIFACE YOPOUGON,PRIVE,40,ABIDJAN 3
013064,COLLEGE MODERNE LA SILHOUETTE PORT-BOUET,PRIVE,31,ABIDJAN 2
013100,LYCEE D'ENSEIGNEMENT ARTISTIQUE ABIDJAN,PUBLIC,12,ABIDJAN 1
013244,ETABLISSEMENT D'APPLICATION JEAN PIAGET DE L'E.N.S.,PUBLIC,12,ABIDJAN 1
013804,LYCEE MODERNE 2 ABOBO,PUBLIC,41,ABIDJAN 4
013808,LYCEE MODERNE 2 NANGUI ABROGOUA ADJAME,PUBLIC,12,ABIDJAN 1
013810,LYCEE MUNICIPAL 2 KOUMASSI,PUBLIC,31,ABIDJAN 2
013811,LYCEE MUNICIPAL 2 ATTECOUBE,PUBLIC,40,ABIDJAN 3
013815,LYCEE MUNICIPAL 2 GADIE PIERRE YOPOUGON,PUBLIC,40,ABIDJAN 3
013882,LYCEE MODERNE COCODY ANGRE,PUBLIC,12,ABIDJAN 1
015012,LYCEE MODERNE ALASSANE OUATTARA ANYAMA,PUBLIC,41,ABIDJAN 4
017144,COLLEGE LA PEROUSE COCODY,PRIVE,12,ABIDJAN 1
017146,GROUPE SCOLAIRE PRIVE PROSPER MERIMEE COCODY,PRIVE,12,ABIDJAN 1
017147,GROUPE SCOLAIRE CELESTE PORT-BOUET,PRIVE,31,ABIDJAN 2
017148,COLLEGE PRIVE MARIE HOULDA,PRIVE,31,ABIDJAN 2
017149,COLLEGE ALBERT SCHWEITZER SONGON M'BRATÉ,PRIVE,40,ABIDJAN 3
017150,COLLEGE MONACO YOPOUGON,PRIVE,40,ABIDJAN 3
017151,GROUPE SCOLAIRE NAHACLAN ANYAMA,PRIVE,41,ABIDJAN 4
017200,COLLEGE SAINT MICHEL DE KOUADIO YOPOUGON GESCO,PRIVE,40,ABIDJAN 3
017201,COLLEGE LES AS ABOBO PLAQUE 1,PRIVE,41,ABIDJAN 4
017202,COLLEGE ANOMAN NANDJUI ANYAMA QT SCHNEIDER,PRIVE,41,ABIDJAN 4
017203,COLLEGE SAINT MARC ABOBO AKEIKOI,PRIVE,41,ABIDJAN 4
021304,COLLEGE PRIVE HARMONIE DES VAINQUEURS 2 ADJAME,PRIVE,12,ABIDJAN 1
021307,ECOLE NOUVELLE IVOIRIENNE (ENI) COCODY ANGRE,PRIVE,12,ABIDJAN 1
021309,COLLEGE LES OLIVIERS DE PORT-BOUET,PRIVE,31,ABIDJAN 2
021311,COLLEGE AMADOU HAMPATE BA YOPOUGON,PRIVE,40,ABIDJAN 3
021312,COLLEGE LA FINE FLEUR YOPOUGON BANCO 2,PRIVE,40,ABIDJAN 3
021313,COLLEGE PRIVE LES ARCANES YOPOUGON MAROC,PRIVE,40,ABIDJAN 3
021314,COURS SECONDAIRE LA BONNE SEMENCE TAGO YOPOUGON,PRIVE,40,ABIDJAN 3
021315,GROUPE SCOLAIRE AKOUNDA YOPOUGON,PRIVE,40,ABIDJAN 3
021316,GROUPE SCOLAIRE LE FELIN YOPOUGON,PRIVE,40,ABIDJAN 3
021319,COLLEGE AHIMSA ABOBO,PRIVE,41,ABIDJAN 4
021321,COLLEGE PRIVE HARMONIE DES VAINQUEURS 1 ABOBO,PRIVE,41,ABIDJAN 4
021322,COLLEGE PRIVE IBC ABOBO,PRIVE,41,ABIDJAN 4
021362,COURS SECONDAIRE METHODISTE JOHN WESLEY COCODY,PRIVE,12,ABIDJAN 1
021363,GROUPE SCOLAIRE TRAYE BERNARD COCODY ANGRE,PRIVE,12,ABIDJAN 1
021376,INSTITUT INTERNATIONAL ADJELEBA (2IA) YOPOUGON,PRIVE,40,ABIDJAN 3
025002,"CENTRE DE FORMATION TECHNIQUE ET PROFESSIONNELLE /
YOPOUGON SIDECI",PRIVE,40,ABIDJAN 3
025012,COLLEGE NOTRE DAME DE LA PAIX RIVIERA,PRIVE,12,ABIDJAN 1
025013,COLLEGE PRIVE LES FLORIANES COCODY ANGRE,PRIVE,12,ABIDJAN 1
025016,"COLLEGE PRIVE TECHNIQUE JEAN-BAPTISTE DE LA SALLE 2
D'ATTECOUBE",PRIVE,40,ABIDJAN 3
033024,COLLEGE PRIVE ETIENNE COCODY RIVIERA II,PRIVE,12,ABIDJAN 1
033026,COLLEGE LE PANTHEON 2 D'ADJAME WILLIAMSVILLE,PRIVE,12,ABIDJAN 1
033040,GROUPE SCOLAIRE BA'OULEHN WILLIAMSVILLE,PRIVE,12,ABIDJAN 1
033050,GS HENRI BARBUSSE (EX-MKL) COCODY,PRIVE,12,ABIDJAN 1
033063,COLLEGE PRIVE EZECHIAS 2 PORT-BOUET,PRIVE,31,ABIDJAN 2
033064,COLLEGE PRIVE GRACE MARIE KORE MARCORY,PRIVE,31,ABIDJAN 2
033093,GROUPE SCOLAIRE NYL'S DE PORT-BOUET GONZAGUEVILLE,PRIVE,31,ABIDJAN 2
033108,COLLEGE PRIVE HADI YOPOUGON,PRIVE,40,ABIDJAN 3
033114,COLLEGE PRIVE SHARMA ATTECOUBE,PRIVE,40,ABIDJAN 3
033147,GROUPE SCOLAIRE AGNONKOU YOPOUGON,PRIVE,40,ABIDJAN 3
033178,GROUPE SCOLAIRE SYLLA L'EXCELLENCE YOPOUGON,PRIVE,40,ABIDJAN 3
033179,GROUPE SCOLAIRE CHA HELENE YOPOUGON GESCO,PRIVE,40,ABIDJAN 3
033184,COLLEGE BETSALEEL D'ANYAMA,PRIVE,41,ABIDJAN 4
033189,COLLEGE DES UNIS ABOBO AKEIKOI,PRIVE,41,ABIDJAN 4
033191,COLLEGE EDUCATION-PAIX-DEVELOPPEMENT ABOBO,PRIVE,41,ABIDJAN 4
033196,COLLEGE LE PANORAMA ABOBO,PRIVE,41,ABIDJAN 4
033208,COLLEGE PRIVE KOUTOUAN ABOBO AKÉIKOI,PRIVE,41,ABIDJAN 4
033210,COLLEGE PRIVE LES COCCINELLES D'ABOBO SAGBE,PRIVE,41,ABIDJAN 4
033215,COLLEGE PRIVE PHILLIPE GERMARK,PRIVE,41,ABIDJAN 4
033216,COLLEGE PRIVE PIERRE CHARLES III ABOBO BELLEVILLE,PRIVE,41,ABIDJAN 4
033217,COLLEGE EBURNIE COCODY ANGRE,PRIVE,12,ABIDJAN 1
033258,GROUPE SCOLAIRE RITA ROSANE ABOBO,PRIVE,41,ABIDJAN 4
035048,GROUPE SCOLAIRE LES LAUREADES COCODY,PRIVE,12,ABIDJAN 1
035067,COLLEGE PRIVE MALLET PORT-BOUET,PRIVE,31,ABIDJAN 2
035086,GROUPE SCOLAIRE LABION MAXIME PORT-BOUET PETIT-BASSAM,PRIVE,31,ABIDJAN 2
035089,GROUPE SCOLAIRE LES CAIMANS PORT-BOUET,PRIVE,31,ABIDJAN 2
035107,COLLEGE PRIVE CLAIRE FONTAINE YOPOUGON,PRIVE,40,ABIDJAN 3
035112,COLLEGE PRIVE MICHEL ARCHANGE YOPOUGON,PRIVE,40,ABIDJAN 3
035144,GROUPE ECOLES SANGBAN DE YOPOUGON WASSAKARA,PRIVE,40,ABIDJAN 3
035161,GROUPE SCOLAIRE GERMINAL YOPOUGON,PRIVE,40,ABIDJAN 3
035169,GROUPE SCOLAIRE LES BOURGEONS YOPOUGON,PRIVE,40,ABIDJAN 3
035171,GROUPE SCOLAIRE LES MIGNONS YOPOUGON,PRIVE,40,ABIDJAN 3
035173,"GROUPE SCOLAIRE LES PETITS GENIES DU MILLENAIRE /
YOPOUGON",PRIVE,40,ABIDJAN 3
035176,GROUPE SCOLAIRE NIPPON DE YOPOUGON ACADEMIE,PRIVE,40,ABIDJAN 3
035186,COLLEGE CHRIST LE ROI ABOBO,PRIVE,41,ABIDJAN 4
035194,COLLEGE LA BELLE CITE ABOBO,PRIVE,41,ABIDJAN 4
035202,COLLEGE AOF ABOBO AVOCATIER,PRIVE,41,ABIDJAN 4
035204,COLLEGE PRIVE DAVID ABOBO,PRIVE,41,ABIDJAN 4
035220,COLLEGE LE SERMENT COCODY,PRIVE,12,ABIDJAN 1
035222,COLLEGE PIERRE CHARLES II COCODY AKOUEDO,PRIVE,12,ABIDJAN 1
035242,GROUPE SCOLAIRE GRACE JEANNINE ABOBO,PRIVE,41,ABIDJAN 4
035245,GROUPE SCOLAIRE KOFFI AGO ABOBO,PRIVE,41,ABIDJAN 4
035251,GROUPE SCOLAIRE LEOPOLD SEDAR SENGHOR ABOBO,PRIVE,41,ABIDJAN 4
035253,GROUPE SCOLAIRE LES HIRONDELLES ABOBO SAGBE,PRIVE,41,ABIDJAN 4
036001,CARINE’N ADJAME,PRIVE,12,ABIDJAN 1
036002,"CENTRE D’ENSEIGNEMENT TECHNIQUE PROF. DES METIERS ET
D’ENERGIES RENOUVELABLES (CETPMER) ADJAME",PRIVE,12,ABIDJAN 1
036005,"CENTRE DE FORMATION PROFESSIONNELLE ET COMMERCIALE
(CFPC) LOKO MARCORY",PRIVE,31,ABIDJAN 2
036012,COLLEGE LA JOCONDE COCODY RIVIERA,PRIVE,12,ABIDJAN 1
036017,COLLEGE PRIVE ABRAHAM PORT-BOUET,PRIVE,31,ABIDJAN 2
036026,COLLEGE TECHNIQUE SAINTE SOLANGE YOPOUGON,PRIVE,40,ABIDJAN 3
036029,E.T.I.C MARCORY,PRIVE,31,ABIDJAN 2
036050,GROUPE HARMONIE YOPOUGON NIANGON SUD GAUCHE,PRIVE,40,ABIDJAN 3
036053,GROUPE SCOLAIRE AMICHIA YOPOUGON,PRIVE,40,ABIDJAN 3
036055,GROUPE SCOLAIRE ANDRE MALRAUX COCODY RIVIERA,PRIVE,12,ABIDJAN 1
036074,GROUPE SUCCES ABOBO PLATEAUX-DOKUI,PRIVE,41,ABIDJAN 4
036080,"INSTITUT D'ENSEIGNEMENT SECONDAIRE TECHNIQUE SAINTE
BRIGITTE 1 ABOBO",PRIVE,41,ABIDJAN 4
036086,"INSTITUT DE FORMATION PROFESSIONNELLE AZING IVOIR
YOPOUGON",PRIVE,40,ABIDJAN 3
036093,INSTITUT DELAFOSSE YOPOUGON,PRIVE,40,ABIDJAN 3
036094,INSTITUT D'ENSEIGNEMENT TECHNIQUE SAINT CYR YOPOUGON,PRIVE,40,ABIDJAN 3
036095,"INSTITUT DES ARTS ET METIERS DE LA MODE (INAMAZ) AKOUPE
ZEUDJI",PRIVE,41,ABIDJAN 4
036100,INSTITUT INTERNATIONAL DES SPECIALITES (2.I.S) YOPOUGON,PRIVE,40,ABIDJAN 3
036121,INSTITUT TECHNIQUE SAINT CYR DE MOLIERE PORT-BOUET,PRIVE,31,ABIDJAN 2
036122,INSTITUT TECHNIQUE SAINT CYR KOUMASSI,PRIVE,31,ABIDJAN 2
036125,IVOIRE CHALLENGE ABOBO,PRIVE,41,ABIDJAN 4
037007,"CENTRE D'ETUDES SUPERIEURES DES AFFAIRES D'ABIDJAN ( CESA
) KOUMASSI",PRIVE,31,ABIDJAN 2
037017,COLLEGE LE PANTHEON WILLIAMSVILLE,PRIVE,12,ABIDJAN 1
037039,CTP SAINT ALBERT CAMUS ADJAME,,,
037059,GROUPE ECOLES BETHEL COCODY,PRIVE,12,ABIDJAN 1
037064,GROUPE SCOLAIRE LEGRAND ABOBO,,,
037066,GROUPE SCOLAIRE LOUIS LAGRANGE YOPOUGON,,,
037087,INSTITUT DES SCIENCES APPLIQUEES (ISA),PRIVE,12,ABIDJAN 1
037089,"INSTITUT INTERNATIONAL DE FORMATION TECHNIQUE (IIFORT)
YOPOUGON WASSAKARA",PRIVE,40,ABIDJAN 3
037101,"INSTITUT SUPERIEUR DES CARRIERES COMMERCIALES (ISCC)
COCODY 2 PLATEAUX",PRIVE,12,ABIDJAN 1
037105,INSTITUT TECHNIQUE ET PROFESSIONNEL(ITP) CERIN,PRIVE,12,ABIDJAN 1
037505,INSTITUT TECHNIQUE MALLET (ITM) PORT-BOUET,PRIVE,31,ABIDJAN 2
039689,COLLEGE CATHOLIQUE SAINT PAUL DE M'BADON,PRIVE,12,ABIDJAN 1
039695,COLLEGE PRIVE LES SCARABEES DE COCODY,PRIVE,12,ABIDJAN 1
039698,ECOLE SECONDAIRE ETIMOE / BINGERVILLE,PRIVE,12,ABIDJAN 1
039702,COLLEGE MARIE ROSE DE LIMA D'ABOBO PK 18,PRIVE,41,ABIDJAN 4
039705,COLLEGE PRIVE MAMADOU COULIBALY DE ABOBO SAMAKE,PRIVE,41,ABIDJAN 4
041602,COLLEGE MOAYE-DHAN / BINGERVILLE,PRIVE,12,ABIDJAN 1
041603,COLLEGE PRIVE ARHOGNINCI DE BINGERVILLE,PRIVE,12,ABIDJAN 1
041604,COLLEGE PRIVE LE MIRI DE BINGERVILLE,PRIVE,12,ABIDJAN 1
041608,COLLEGE PRIVE LES CARTESIENS D'ABIDJAN / PORT-BOUËT,PRIVE,31,ABIDJAN 2
041610,COLLEGE PRIVE DORIAN 2 DE YOPOUGON,PRIVE,40,ABIDJAN 3
041611,COLLEGE JULES ET MARCELLE SONGON,PRIVE,40,ABIDJAN 3
041612,COLLEGE PRIVE OBETON SONA 2 DE YOPOUGON,PRIVE,40,ABIDJAN 3
041613,COLLEGE YADA CLEMENT 2 / YOPOUGON,PRIVE,40,ABIDJAN 3
041614,COLLEGE ABOUDRAMANE TRAORE / ABOBO PK 18,PRIVE,41,ABIDJAN 4
041615,COLLEGE DOYEN LAMINE FADIGA / ABOBO,PRIVE,41,ABIDJAN 4
041616,COLLEGE EULALIE BLAH 2 / ABOBO,PRIVE,41,ABIDJAN 4
041617,COLLEGE LA REGINA / ANYAMA-ADJAME,PRIVE,41,ABIDJAN 4
041618,COLLEGE PRIVE JEAN LACOUR D'ABOBO N'DOTRE,PRIVE,41,ABIDJAN 4
041619,COLLEGE PRIVE VERSAILLES / N'DOTRE,PRIVE,41,ABIDJAN 4
041696,COLLEGE D'ENSEIGNEMENT TECHNIQUE I.S.T.M / YOPOUGON,PRIVE,40,ABIDJAN 3
049575,COLLEGE PRIVE GNACANACI EXCELLENCE DE BINGERVILLE,PRIVE,12,ABIDJAN 1
049576,COLLEGE PRIVE IRFT-REHOBOTH DE RIVIERA PALMERAIE,PRIVE,12,ABIDJAN 1
049579,COLLEGE PRIVE POYANNE DE BINGERVILLE,PRIVE,12,ABIDJAN 1
049582,COLLEGE LA PAIX DIVINE 1 DE PORT-BOUET,PRIVE,31,ABIDJAN 2
049583,COLLEGE LE PEDAGOGUE DE PORT-BOUET GONZAGUEVILLE,PRIVE,31,ABIDJAN 2
049584,COLLEGE HIDAYATOU NACHI INE DE YOPOUGON -ATTIE,PRIVE,40,ABIDJAN 3
049586,COLLEGE PRIVE LA ROSE DE YOPOUGON,PRIVE,40,ABIDJAN 3
049588,COLLEGE FAH DOUMBIA DE ABOBO,PRIVE,41,ABIDJAN 4
049591,"COLLEGE PRIVE DJIGUIYA DE OUAMELHORO D'ANYAMA PK 18
BLANKRO",PRIVE,41,ABIDJAN 4
049592,COLLEGE PRIVE NOUSSIRA DE ABOBO,PRIVE,41,ABIDJAN 4
049593,COLLEGE PRIVE NOVIE D'ATTINGUIE,PRIVE,41,ABIDJAN 4
049595,COLLEGE PRIVE TCHINGO-HARMAND DE ABOBO,PRIVE,41,ABIDJAN 4
049597,GROUPE SCOLAIRE LA COMPETENCE D'ANYAMA,PRIVE,41,ABIDJAN 4
049676,"CENTRE D'ETUDES SUPERIEURES DES AFFAIRES ( CESA) DE
KOUMASSI",PRIVE,31,ABIDJAN 2
049703,COLLEGE IMPERIAL DE COCODY,PRIVE,12,ABIDJAN 1
049704,COLLEGE PRIVE SIATA DE YOPOUGON,PRIVE,40,ABIDJAN 3
049885,COLLEGE IRIS 3 DE YOPOUGON,PRIVE,40,ABIDJAN 3
054593,COLLEGE PRIVE FLEUR DE LYS DE BINGERVILLE,PRIVE,12,ABIDJAN 1
054594,COLLEGE PRIVE TECHNIQUE HENRI CARTAN DE COCODY,PRIVE,12,ABIDJAN 1
054654,COLLEGE PRIVE DJIBI 2 D'ANGUEDEDOU,PRIVE,40,ABIDJAN 3
054655,COLLEGE PRIVE GLORIS 2 DE YOPOUGON TOITS ROUGES,PRIVE,40,ABIDJAN 3
054657,COLLEGE PRIVE RAMAT DE YOPOUGON-NIANGON ADJAME,PRIVE,40,ABIDJAN 3
054658,COLLEGE PRIVE YVE PHILIPPE DE YOPOUGON CITE ADO,PRIVE,40,ABIDJAN 3
054659,GROUPE SCOLAIRE LE KRAZAN DE YOPOUGON SELMER,PRIVE,40,ABIDJAN 3
054661,COLLEGE PRIVE AN-NOUR D'ABOBO AGNISSANKOI,PRIVE,41,ABIDJAN 4
054707,COLLEGE PRIVE LES PRINCES D'ABIDJAN AKEIKOI,PRIVE,41,ABIDJAN 4
056551,INSTITUT ADAM MARSHALL ABOBO,PRIVE,41,ABIDJAN 4
056637,COLLEGE KOFFI HOURA D'ABADJIN-DOUME,PRIVE,40,ABIDJAN 3
056648,"ECOLE TECHNIQUE, INFORMATIQUE ET COMMERCIALE YOPOUGON
(ETIC-YOP SELMER)",PRIVE,40,ABIDJAN 3
057938,COLLEGE PRIVE AKANJI,PRIVE,12,ABIDJAN 1
057948,COLLEGE PRIVE SALEM DE SONGON SAPH,PRIVE,40,ABIDJAN 3
057949,COLLEGE PRIVE SAMBA KONE,PRIVE,40,ABIDJAN 3
057951,COLLEGE PRIVE SHILO,PRIVE,40,ABIDJAN 3
057952,COLLEGE PRIVE D'EXCELLENCE AL-MOUSTAPHA,PRIVE,41,ABIDJAN 4
058136,COLLEGE PRIVE TECHNIQUE DJEKAT,PRIVE,12,ABIDJAN 1
058139,ECOLE DES ETUDES COMMERCIALES ET ECONOMIQUES,PRIVE,12,ABIDJAN 1
058140,GROUPE SCOLAIRE IFORAS,PRIVE,12,ABIDJAN 1
058141,ONYX-EXCELLENCE PLATEAU,PRIVE,12,ABIDJAN 1
058142,COLLEGE PRIVE TECHNIQUE IFSM DE KOUMASSI,PRIVE,31,ABIDJAN 2
058144,"COLLEGE PRIVE PROFESSIONNEL ELITE TECHNOLOGIE DE
NIANGON",PRIVE,40,ABIDJAN 3
058145,COLLEGE PRIVE TECHNIQUE ANADOR YOPOUGON,PRIVE,40,ABIDJAN 3
058148,COLLEGE PRIVE TECHNIQUE IFSM DE ABOBO,PRIVE,41,ABIDJAN 4
058176,FONDATION MAARIF DE TURQUIE,PRIVE,12,ABIDJAN 1
058195,COLLEGE FOUSSENI KONE ( CFK),PRIVE,41,ABIDJAN 4
058207,LYCEE MODERNE ALFRED NOBEL MARCORY,,,
058210,INSTITUT DE FORMATION LA ROUAH ABOBO-AKEIKOI,,,
058220,INSTITUT DE FORMATION ET DE RECYCLAGE DES AUXILIAIRES DE SERVICE (IFORAS) COCODY,,,
058714,CBCG TREICHVILLE,,,
058715,LYCEE PROFESSIONNEL C YOPOUGON,,,
058720,CBCG COCODY,,,
058726,CELIA TREICHVILLE,,,
058751,CMFP MOHAMED VI YOPOUGON,,,
058752,CPTI YOPOUGON,,,
058753,GROUPE SCOLAIRE PIERRE ET MARIE CURIE PORT-BOUET,,,
058758,ITSP ADJAME,,,
058768,INSTITUT POLYTECHNIQUE ET HOTELIER D'ABIDJAN,,,
058770,CPM BOIS KOUMASSI,,,
058771,CENTRE DE FORMATION PROFESSIONNELLE AUX METIERS DE LA MECANIQUE INDUSTRIELLE(CFPMMI),,,
058775,INSTITUT DE MANAGEMENT ET D'ETUDES APPLIQUEES (ISMA) MDDS,,,
058788,CENTRE DE SPECIALISATION EN TECHNIQUES COMMERCIALES,,,
058792,ESTC MARCORY,,,
058804,IST LA COLOMBE KOUMASSI,,,
058805,I.S.T. ADAMA SANOGO ABOBO,,,
058807,ISGEA PLATEAU,,,
058813,GROUPE SCOLAIRE SANOGO ALMAMY YOPOUGON,,,
058817,GROUPE INSTITUT TECHNIQUE INDUSTRIEL ET COMMERCIAL(GITIC) COCODY,,,
058824,ISTG PIERRE MARIE YOPOUGON,,,
058825,ASSOCIATION IVOIRIENNE POUR LA FORMATION, L'EDUCATION ET LE BIEN-ETRE SOCIAL (AIFES) ABOBO,,,
058826,CENTRE DE FORMATION FEMININE SOEURS DE LA PROVIDENCE DE SAINT GAETAN,,,
058827,GROUPE SCOLAIRE LE PARTHENON ABOBO,,,
058829,IFPG PLATEAU,,,
058831,E.I.F.P MICHELE YAKICE COCODY,,,
058833,CENTRE HORLOGER D'ABIDJAN,,,
058837,LE SAMARITAIN COCODY,,,
058840,CFPT CARINE N' ADJAME,,,
058844,CESTP KIBIO COCODY,,,
058846,INST. INTERNATIONAL ADJELEBA YOPOUGON,,,
058849,INSTITUT DE FORMATION SAINTE MARIE (IFSM) D'ABOBO,,,
058852,GROUPE SCOLAIRE LE BON SAMARITAIN KOUMASSI,,,
058853,CETPMER ADJAME,,,
058859,CENTRE DE PROMOTION FEMININE MARIE DOMINIQUE,,,
058868,INSTITUT POLYTECHNIQUE INTERNATIONALE FRANCOIS IPIF,,,
058869,EIBMA MARCORY,,,
058874,ISSEA ABIDJAN,,,
058875,CPM BATIMENT KOUMASSI,,,
058876,ISTA ABOBO,,,
058891,CSTG ADJAME,,,
058894,ETIC COCODY,,,
058900,NICK COUTURE,,,
058901,ECOLE DE FORMATION PROFESSIONNELLE YARANI,,,
058903,HAUTES ETUDES TECHNOLOGIQUES ET COMMERCIALES,,,
058907,COURS FIGARO COUTURE,,,
058908,ESCAM COCODY,,,
058916,C. S. T. SAINTE THERESE KOUMASSI,,,
058917,CPME BIMBRESSO,,,
058918,INSTITUT INTERNATIONAL INDUSTRIEL & COMMERCIAL,,,
058919,CPM IMPRIMERIE YOPOUGON,,,
058921,CETI MARCORY,,,
058923,INSTITUT VOLTAIRE (IVESTP),,,
058924,ECOLE POLYVALENTE DU MAGHREB EN C.I (EPMACI),PRIVE,12,ABIDJAN 1
058926,IMGH YOPOUGON,,,
058937,ENIC FORMATION YOPOUGON,,,
058948,REFLEX INSTITUT,,,
058949,ITES II PLATEAUX,,,
058950,ACADEMIE DE LA SECURITE PROFESSIONNELLE (ASP),,,
058951,CEP PORT-BOUET,,,
058953,CEPTI - CESTIA 2EP,,,
058957,COLLEGE MODERNE TECHNIQUE NOGOLAMA ANYAMA,,,
058975,INSTITUT DE FORMATION SAINTE MARIE (IFSM) D'ANGRE,,,
058976,CETPA - CESTIA 2EP,,,
058977,INST. SCOL. SAINT CYRILLE YOPOUGON,,,
058978,C. E. T. F. NOTRE DAME DE LA PAIX,,,
058981,ALBI 2 PLATEAUX,,,
058985,ISTEA PLATEAU,,,
058988,CPM AUTOMOBILE VRIDI,,,
058989,INSTITUT TECHNIQUE ET PROFESSIONNEL (I.T.P.) CERIN YOPOUGON,,,
058993,CPMME KOUMASSI,,,
059001,INSTITUT TECHNIQUE DE FORMATION SAINTE MARIE KOUMASSI,,,
059002,COLLEGE MOD. LA SORBONNE YOPOUGON,,,
059006,CENTRE DE FORMATION COMMERCIALE ET DES ACTIVITES PROFESSIONNELLES (CFCAP)-FORMATION ABOBO,,,
059007,E.S.ICA.M COCODY,,,
059008,CETC TREICHVILLE,,,
059010,ISCC TREICHVILLE,,,
059012,INSTITUT DE FORMATION LA SOURCE,,,
059013,GROUPE IVOIRE ACADEMIE COCODY,,,
059014,IFSM COCODY,,,
059015,CESGT KOUMASSI,,,
059016,INSTITUT PROFESSIONNEL DE SECURITE,,,
059018,INSTITUT DE FORMATION SAINTE MARIE (IFSM) DE KOUMASSI,,,
059019,GROUPE SCOLAIRE SAINT CYR KOUMASSI,,,
059020,GROUPE SCOLAIRE DES ARTS ET DES METIERS KOUMASSI,,,
059022,GROUPE IFDEC-INTERNATIONAL ABOBO,PRIVE,41,ABIDJAN 4
059023,ETABLISSEMENT BEINAN DES METIERS DE LA BOUCHE ET DE L'HOTELLERIE,,,
059024,SECURITY ACADEMY ET MANAGEMENT,,,
059025,ITA MARCORY,,,
059026,INSTITUT ASSAMOI DESIGN CENTRE DE FORMATION PROFESSIONNELLE ET DE PERFECTIONNEMENT,,,
059029,GROUPEMENT POUR LES TRAVAUX ET LA FORMATION FERROVIAIRE (GTF) PLATEAU,,,
059031,ISCC COCODY,,,
059032,ECOLE HOTELIERE HAMANIEH MARCORY,,,
059035,ETIC MARCORY,,,
059038,GROUPE SCOLAIRE ANDRE MALRAUX COCODY,,,
059040,COURS ET CABINET TRAORE TIDIANE,,,
059044,CENTRE DE FORMATION DAL'INE COUTURE,,,
059046,GROUPE ECOLE SUPERIEURE AFRICAINE DE COMMERCE(ESACOM-SARL),,,
059047,AMERICAN LADY BEAUTY INSTITUT 2 (ALBI 2) MARCORY,,,
059049,ACADEMIE INTERNATIONALE DE L'ENSEIGNEMENT TECHNIQUE ET PROFESSIONNEL(AIETP),,,
059050,GROUPE IFPG-ISFPT,,,
059052,INSTITUT SCOLAIRE PRIVE MALACHIE,,,
059054,ISIE ADJAME,,,
059055,GROUPE SCOLAIRE SAINTE ADJOUA FADETTE YOPOUGON,,,
059056,ESETP YOPOUGON,,,
059058,CSNDP PLATEAU,,,
059059,INAMAZ,,,
059060,GROUPE SCOLAIRE ADJA MADOUE TOURE ANYAMA,,,
059061,CENTRE DE FORMATION PROFESSIONNELLE COUPE COUTURE ET ARTISANAL SAINT LAURENT,,,
059062,ECOLE D'ENSEIGNEMENT CONFESSIONNEL, GENERAL ET TECHNIQUE (2ECGT) BINGERVILLE,,,
059063,COLLEGE SAGUIDIBA YOPOUGON,,,
059065,LE CHANDELIER D'OR YOPOUGON,,,
059066,ITSAT YOPOUGON,,,
059067,INSTAC YOPOUGON,,,
059069,INSTITUT SECONDAIRE TECHNIQUE LES ANGES,,,
059071,IMETP YOPOUGON,,,
059073,ECOLE SUPERIEURE D'INFORMATIQUE ET DE COMMERCE (ESICOM) PLATEAU,,,
059074,EESGTP LA SORBONNE YOPOUGON,,,
059075,INSTITUT MODERNE AMADOU HAMPATE BA,,,
059076,INSTITUT KLAMMAN,,,
059077,INSTITUT INTERNATIONAL SARHAOUM ADJAME,,,
059078,ESAM PLATEAU,,,
059080,2.I.S YOPOUGON,,,
059084,INSTITUT DE FORMATION TECHNIQUE ET PROFESSIONNELLE KONE AMARA,,,
059087,COLLEGE OFFOUMOU YAPO YOPOUGON,,,
059090,INSTITUT DE FORMATION SAINTE MARIE (IFSM) DE YOPOUGON,,,
059092,INSTITUT DE FORMATION PROFESSIONNELLE ET PARA MEDICALE D'ABIDJAN (IFOPMA),,,
059093,I.F.P AZING IVOIR YOPOUGON,,,
059095,GROUPE SCOLAIRE SAINTE HELENE YOPOUGON,,,
059096,GROUPE SCOLAIRE SAINTE FAMILLE DE L'ENFANT JESUS,,,
059098,GROUPE SCOLAIRE FUSOS COURS SOCIAUX ABOBO,,,
059099,GROUPE SCOLAIRE SAINT CYR YOPOUGON,,,
059101,GROUPE SCOLAIRE LES SAINTS ANGES YOPOUGON,,,
059105,GROUPE SCOLAIRE LAMA FOFANA YOPOUGON,,,
059106,GROUPE SCOLAIRE KWAGNISS MAVRO YOPOUGON,,,
059107,ESTAN PLATEAU,,,
059108,GROUPE SCOLAIRE INTERNATIONAL DE L'AMITIE YOPOUGON,,,
059110,GROUPE SCOLAIRE ANDRE LATRILLE YOPOUGON,,,
059111,ETS EDUFOR YOPOUGON,,,
059113,GROUPE ZAMA CONSULTING,,,
059114,COLLEGE PRIVE NATHAN,,,
059115,COLLEGE LES PDG DE L'AVENIR,,,
059116,CENTRE PERSEVERANCE COUTURE BROU N'GO,,,
059117,CENTRE DE FORMATION TECHNIQUE ET PROFESSIONNELLE LE GROUPE BOWL,,,
059121,HAUTES ETUDES COMMERCIALES,,,
059123,CENTRE DE FORMATION FEMININE SAINT PIERRE YOPOUGON,,,
059124,CENTRE DE FORMATION PROFESSIONNELLE NOTRE DAME DE LA PAIX ABOBO DOUME,,,
059126,CIPIM YOPOUGON,,,
059128,CENTRE AMIGO DOUME,,,
059129,SAUFA FORMATION PLATEAU,,,
059130,INSTITUT DES ETUDES SUPERIEURES SPECIALISEES EN ENTREPRENEURIAT (IESSE) PLATEAU,,,
059133,CENTRE DE FORMATION PROFESSIONNELLE « GRAIN DE SENEVE » ANYAMA,,,
059137,INSTITUT DE TECHNOLOGIE KENNEDY (ITK)
